name,surname,email,address
Pippo,Rossi,pippo@mail.com,via padrone
Pluto,Verdi,pluto@mail.com,via cane
Paperino,Blu,paperino@mail.com,via lago
Topolino,Gialli,topolino@mail.com,via formaggio
Minnie,Rosa,minnie@mail.com,via fiore
